﻿{"cameraMode":{"drawMode":0,"name":"Shaded","section":"Shading Mode"},"sceneLighting":true,"audioPlay":false,"sceneViewState":{"showFog":false,"showMaterialUpdate":false,"showSkybox":false,"showFlares":false,"showImageEffects":false,"showParticleSystems":false},"in2DMode":false,"pivot":{"x":0.08897757530212403,"y":-3.06846284866333,"z":-0.12399911880493164},"rotation":{"x":0.661273181438446,"y":0.0155232148244977,"z":-0.013691379688680172,"w":0.7498639225959778},"size":6.205351829528809,"orthographic":true}