﻿{"cameraMode":{"drawMode":0,"name":"Shaded","section":"Shading Mode"},"sceneLighting":false,"audioPlay":false,"sceneViewState":{"showFog":false,"showMaterialUpdate":false,"showSkybox":false,"showFlares":false,"showImageEffects":false,"showParticleSystems":false},"in2DMode":false,"pivot":{"x":-0.002850055694580078,"y":0.022949934005737306,"z":-3.440499782562256},"rotation":{"x":0.6362255811691284,"y":-0.012860600836575032,"z":0.010698998346924782,"w":0.7713505029678345},"size":4.754660606384277,"orthographic":false}